GS0001,GCGAGAGGGTCA,1.156
GS0002,AACGTAGGTT,13.526
GS0003,GTAACAGT,3.523
GS0004,CCCGGGGAGACG,23.621
GS0005,CCGTCTGGA,20.407
GS0006,TGGCTCTTGA,6.188
GS0007,ACACATCGAAAA,23.983
GS0008,TTTGTTTA,1.917
GS0009,ACGTAAGGCCGC,8.157
GS0010,GGGGACTG,11.064
GS0011,GCGAACATA,17.598
GS0012,GCCGCCTCTT,21.032
GS0013,CATTACTC,19.453
GS0014,TGATTCTTT,19.89
GS0015,CGCCTCTCGGTA,1.63
GS0016,ACCAAGCCGA,3.355
GS0017,GCTTATGTA,1.945
GS0018,ACTCGGAGCC,9.162
GS0019,ATAACTTAC,22.758
GS0020,GAGTTCTAACAA,6.573
GS0021,CTATGGGAGCGT,2.584
GS0022,ATCGGGGTTA,18.416
GS0023,TTGAGCCAGAGT,18.766
GS0024,TGGCGTCT,8.652
GS0025,TCTTGCAA,3.557
GS0026,CATGGCTTT,23.273
GS0027,ACCACGACAACT,5.065
GS0028,CGTACTGATGT,18.709
GS0029,TCCATGAAC,18.744
GS0030,TTGTCGTGTAGA,5.52
GS0031,GCGGGCAGC,15.919
GS0032,GACTTTCCCCTT,0.141
GS0033,CTCTCCGGTGGA,2.419
GS0034,CTGCCTGGAACA,10.287
GS0035,GGCTCTACAC,11.32
GS0036,TTTGCTAT,14.872
GS0037,TATGCTGAACTG,24.0
GS0038,AATCCCAGGCGA,10.932
GS0039,GGGGAAAA,24.367
GS0040,ACACGTTT,22.355
GS0041,GCCGACTATAAG,4.359
GS0042,CGGCTCTTGA,7.628
GS0043,GCGTCGCT,6.699
GS0044,GGTTGGCCTCTT,9.808
GS0045,CCGGTGAATG,3.7
GS0046,ATAGTCAT,17.852
GS0047,CAGGGACTCCGA,5.652
GS0048,TCCTGGAATAT,8.784
GS0049,ACGCCAGTCGTT,1.106
GS0050,CTTGCTGG,4.397
GS0051,AGGCGAGCGAG,21.184
GS0052,GCGTTAACT,10.08
GS0053,AGTGGTTGT,24.529
GS0054,GTGTTGACGG,3.148
GS0055,GGCCTAAAA,2.943
GS0056,CTTAAGAGT,0.4
GS0057,AGGACGTCACGG,0.587
GS0058,TGCGGCGCC,13.928
GS0059,TAATACCG,21.11
GS0060,TTCACCGAGTGT,23.767
GS0061,GACACGCT,0.502
GS0062,GACCCGGATTGA,17.375
GS0063,GTTACCTG,6.547
GS0064,ATGTCCCTCA,11.813
GS0065,ACGTTGCGAAAG,10.763
GS0066,GAATGAAC,12.277
GS0067,AGCTGACT,20.321
GS0068,GGTAAAGAGC,15.514
GS0069,TGCGACAG,23.754
GS0070,CCGGACATTTCT,9.382
GS0071,TTGCGCCCTATA,19.219
GS0072,ATCGGGTGAC,14.836
GS0073,GGTTAAGAGCTC,12.406
GS0074,GAAAATATGA,16.522
GS0075,AACTAGGAG,23.244
GS0076,TTACTGTACG,13.0
GS0077,TATGCGTAC,19.009
GS0078,TGCGAAGTGC,12.061
GS0079,AGAATTGTA,7.292
GS0080,GCACCAGAATTA,8.281
